13,50,40,844,-242

13,50,40,892,-242

13,50,40,940,-242

13,50,40,988,-242

13,50,41,36,-242

13,50,41,84,-242

13,50,41,132,-242

13,50,41,180,-242

13,50,41,228,-242

13,50,41,276,-243

13,50,41,324,-243

13,50,41,372,-243

13,50,41,420,-242

13,50,41,468,-242

13,50,41,516,-242

13,50,41,564,-242

13,50,41,612,-243

13,50,41,660,-243

13,50,41,708,-243

13,50,41,756,-242

13,50,41,804,-242

13,50,41,852,-242

13,50,41,900,-242

13,50,41,948,-242

13,50,41,996,-242

13,50,42,44,-242

13,50,42,92,-242

13,50,42,140,-242

13,50,42,188,-242

13,50,42,236,-242

13,50,42,284,-242

13,50,42,332,-242

13,50,42,380,-242

13,50,42,428,-242

13,50,42,476,-242

13,50,42,524,-242

13,50,42,572,-242

13,50,42,620,-242

13,50,42,668,-242

13,50,42,716,-242

13,50,42,764,-242

13,50,42,812,-242

13,50,42,860,-242

13,50,42,908,-242

13,50,42,956,-242

13,50,43,4,-242

13,50,43,52,-242

13,50,43,100,-242

13,50,43,148,-242

13,50,43,196,-242

13,50,43,244,-242

13,50,43,292,-242

13,50,43,340,-242

13,50,43,388,-242

13,50,43,436,-242

13,50,43,484,-242

13,50,43,532,-242

13,50,43,580,-242

13,50,43,628,-243

13,50,43,676,-243

13,50,43,724,-243

13,50,43,772,-242

13,50,43,820,-242

13,50,43,868,-242

13,50,43,916,-242

13,50,43,964,-242

13,50,44,12,-242

13,50,44,59,-242

13,50,44,107,-242

13,50,44,155,-243

13,50,44,203,-243

13,50,44,251,-243

13,50,44,299,-243

13,50,44,347,-242

13,50,44,395,-242

13,50,44,443,-242

13,50,44,491,-242

13,50,44,539,-242

13,50,44,587,-242

13,50,44,635,-243

13,50,44,683,-243

13,50,44,731,-243

13,50,44,779,-243

13,50,44,827,-243

13,50,44,875,-243

13,50,44,923,-242

13,50,44,971,-242

13,50,45,19,-242

13,50,45,67,-242

13,50,45,115,-243

13,50,45,163,-242

13,50,45,211,-242

13,50,45,259,-242

13,50,45,307,-242

13,50,45,355,-242

13,50,45,403,-242

13,50,45,451,-242

13,50,45,499,-242

13,50,45,547,-242

13,50,45,595,-242

13,50,45,643,-242

13,50,45,691,-243

13,50,45,739,-243

13,50,45,787,-243

13,50,45,835,-242

13,50,45,883,-243

13,50,45,931,-243

13,50,45,979,-243

13,50,46,27,-242

13,50,46,75,-242

13,50,46,123,-242

13,50,46,171,-242

13,50,46,219,-242

13,50,46,267,-242

13,50,46,315,-243

13,50,46,363,-243

13,50,46,411,-242

13,50,46,459,-242

13,50,46,507,-243

13,50,46,555,-243

13,50,46,603,-243

13,50,46,651,-242

13,50,46,699,-242

13,50,46,747,-243

13,50,46,795,-243

13,50,46,843,-243

13,50,46,891,-243

13,50,46,939,-242

13,50,46,987,-242

13,50,47,35,-242

13,50,47,83,-242

13,50,47,131,-242

13,50,47,179,-242

13,50,47,227,-242

13,50,47,275,-242

13,50,47,323,-242

13,50,47,371,-242

13,50,47,419,-243

13,50,47,467,-243

13,50,47,515,-243

13,50,47,563,-242

13,50,47,611,-242

13,50,47,659,-242

13,50,47,707,-242

13,50,47,755,-243

13,50,47,803,-243

13,50,47,851,-242

13,50,47,899,-242

13,50,47,947,-243

13,50,47,995,-243

13,50,48,43,-243

13,50,48,91,-243

13,50,48,139,-243

13,50,48,187,-242

13,50,48,235,-242

13,50,48,283,-242

13,50,48,331,-243

13,50,48,379,-242

13,50,48,427,-242

13,50,48,475,-242

13,50,48,523,-243

13,50,48,571,-243

13,50,48,619,-242

13,50,48,667,-242

13,50,48,715,-242

13,50,48,763,-242

13,50,48,811,-242

13,50,48,859,-242

13,50,48,907,-242

13,50,48,955,-242

13,50,49,3,-243

13,50,49,51,-242

13,50,49,99,-242

13,50,49,147,-242

13,50,49,195,-243

13,50,49,243,-242

13,50,49,291,-242

13,50,49,339,-242

13,50,49,387,-242

13,50,49,435,-243

13,50,49,483,-243

13,50,49,531,-243

13,50,49,579,-242

13,50,49,627,-242

13,50,49,675,-242

13,50,49,723,-242

13,50,49,771,-242

13,50,49,819,-242

13,50,49,867,-242

13,50,49,915,-242

13,50,49,963,-242

13,50,50,10,-242

13,50,50,58,-242

13,50,50,106,-242

13,50,50,154,-242

13,50,50,202,-242

13,50,50,250,-242

13,50,50,298,-243

13,50,50,346,-243

13,50,50,394,-243

13,50,50,442,-243

13,50,50,490,-242

13,50,50,538,-242

13,50,50,586,-242

13,50,50,634,-242

13,50,50,682,-242

13,50,50,730,-242

13,50,50,778,-242

13,50,50,826,-242

13,50,50,874,-242

13,50,50,922,-242

13,50,50,970,-242

13,50,51,18,-242

13,50,51,66,-243

13,50,51,114,-243

13,50,51,162,-242

13,50,51,210,-242

13,50,51,258,-242

13,50,51,306,-242

13,50,51,354,-243

13,50,51,402,-243

13,50,51,450,-243

13,50,51,498,-243

13,50,51,546,-242

13,50,51,594,-242

13,50,51,642,-242

13,50,51,690,-243

13,50,51,738,-242

13,50,51,786,-242

13,50,51,834,-242

13,50,51,882,-243

13,50,51,930,-243

13,50,51,978,-243

13,50,52,26,-243

13,50,52,74,-242

13,50,52,122,-242

13,50,52,170,-242

13,50,52,218,-242

13,50,52,266,-242

13,50,52,314,-243

13,50,52,362,-243

13,50,52,410,-243

13,50,52,458,-243

13,50,52,506,-243

13,50,52,554,-242

13,50,52,602,-243

13,50,52,650,-243

13,50,52,698,-242

13,50,52,746,-242

13,50,52,794,-242

13,50,52,842,-242

13,50,52,890,-243

13,50,52,938,-243

13,50,52,986,-243

13,50,53,34,-243

13,50,53,82,-242

13,50,53,130,-242

13,50,53,178,-242

13,50,53,226,-242

13,50,53,274,-242

13,50,53,322,-242

13,50,53,370,-242

13,50,53,418,-242

13,50,53,466,-242

13,50,53,514,-242

13,50,53,562,-242

13,50,53,610,-242

13,50,53,658,-242

13,50,53,706,-242

13,50,53,754,-242

13,50,53,802,-242

13,50,53,850,-242

13,50,53,898,-242

13,50,53,946,-242

13,50,53,994,-242

13,50,54,42,-242

13,50,54,90,-242

13,50,54,138,-242

13,50,54,186,-242

13,50,54,234,-242

13,50,54,282,-242

13,50,54,330,-243

13,50,54,378,-242

13,50,54,426,-242

13,50,54,474,-242

13,50,54,522,-243

13,50,54,570,-243

13,50,54,618,-243

13,50,54,666,-243

13,50,54,714,-243

13,50,54,762,-243

13,50,54,810,-243

13,50,54,858,-243

13,50,54,906,-243

13,50,54,954,-242

13,50,55,2,-242

13,50,55,50,-242

13,50,55,98,-242

13,50,55,146,-242

13,50,55,194,-242

13,50,55,242,-242

13,50,55,290,-242

13,50,55,338,-242

13,50,55,386,-243

13,50,55,434,-243

13,50,55,482,-243

13,50,55,530,-243

13,50,55,578,-242

13,50,55,626,-242

13,50,55,674,-242

13,50,55,722,-242

13,50,55,770,-242

13,50,55,818,-242

13,50,55,865,-242

13,50,55,913,-242

13,50,55,961,-242

13,50,56,9,-243

13,50,56,57,-243

13,50,56,105,-242

13,50,56,153,-242

13,50,56,201,-242

13,50,56,249,-242

13,50,56,297,-242

13,50,56,345,-242

13,50,56,393,-242

13,50,56,441,-242

13,50,56,489,-242

13,50,56,537,-243

13,50,56,585,-243

13,50,56,633,-242

13,50,56,681,-242

13,50,56,729,-243

13,50,56,777,-243

13,50,56,825,-243

13,50,56,873,-243

13,50,56,921,-243

13,50,56,969,-242

13,50,57,17,-243

13,50,57,65,-243

13,50,57,113,-243

13,50,57,161,-243

13,50,57,209,-242

13,50,57,257,-242

13,50,57,305,-242

13,50,57,353,-242

13,50,57,401,-242

13,50,57,449,-242

13,50,57,497,-242

13,50,57,545,-242

13,50,57,593,-242

13,50,57,641,-242

13,50,57,689,-242

13,50,57,737,-242

13,50,57,785,-242

13,50,57,833,-242

13,50,57,881,-242

13,50,57,929,-242

13,50,57,977,-243

13,50,58,25,-243

13,50,58,73,-243

13,50,58,121,-243

13,50,58,169,-243

13,50,58,217,-243

13,50,58,265,-242

13,50,58,313,-242

13,50,58,361,-242

13,50,58,409,-242

13,50,58,457,-243

13,50,58,505,-243

13,50,58,553,-243

13,50,58,601,-243

13,50,58,649,-243

13,50,58,697,-243

13,50,58,745,-243

13,50,58,793,-243

13,50,58,841,-243

13,50,58,889,-243

13,50,58,937,-242

13,50,58,985,-242

13,50,59,33,-242

13,50,59,81,-242

13,50,59,129,-242

13,50,59,177,-243

13,50,59,225,-243

13,50,59,273,-242

13,50,59,321,-242

13,50,59,369,-243

13,50,59,417,-243

13,50,59,465,-242

13,50,59,513,-242

13,50,59,561,-242

13,50,59,609,-242

13,50,59,657,-242

13,50,59,705,-242

13,50,59,753,-242

13,50,59,801,-242

13,50,59,849,-242

13,50,59,897,-242

13,50,59,945,-242

13,50,59,993,-242

13,51,0,41,-242

13,51,0,89,-242

13,51,0,137,-242

13,51,0,185,-242

13,51,0,233,-242

13,51,0,281,-242

13,51,0,329,-242

13,51,0,377,-242

13,51,0,425,-242

13,51,0,473,-242

13,51,0,521,-243

13,51,0,569,-243

13,51,0,617,-242

13,51,0,665,-242

13,51,0,713,-242

13,51,0,761,-242

13,51,0,809,-243

13,51,0,857,-243

13,51,0,905,-243

13,51,0,953,-243

13,51,1,1,-243

13,51,1,49,-243

13,51,1,97,-243

13,51,1,145,-243

13,51,1,193,-243

13,51,1,241,-242

13,51,1,289,-242

13,51,1,337,-243

13,51,1,385,-243

13,51,1,433,-243

13,51,1,481,-243

13,51,1,529,-243

13,51,1,577,-243

13,51,1,625,-242

13,51,1,673,-242

13,51,1,721,-242

13,51,1,769,-242

13,51,1,816,-243

13,51,1,864,-243

13,51,1,912,-242

13,51,1,961,-242

13,51,2,8,-243

13,51,2,56,-243

13,51,2,104,-243

13,51,2,152,-242

13,51,2,200,-242

13,51,2,248,-242

13,51,2,296,-242

13,51,2,344,-243

13,51,2,392,-243

13,51,2,440,-243

13,51,2,488,-243

13,51,2,536,-243

13,51,2,584,-243

13,51,2,632,-242

13,51,2,680,-242

13,51,2,728,-242

13,51,2,776,-242

13,51,2,824,-242

13,51,2,872,-243

13,51,2,920,-243

13,51,2,968,-243

13,51,3,16,-243

13,51,3,64,-243

13,51,3,112,-243

13,51,3,160,-243

13,51,3,208,-243

13,51,3,256,-243

13,51,3,304,-243

13,51,3,352,-242

13,51,3,400,-242

13,51,3,448,-242

13,51,3,496,-242

13,51,3,544,-243

13,51,3,592,-243

13,51,3,640,-243

13,51,3,688,-243

13,51,3,736,-243

13,51,3,784,-243

13,51,3,832,-243

13,51,3,880,-243

13,51,3,928,-243

13,51,3,976,-243

13,51,4,24,-243

13,51,4,72,-243

13,51,4,120,-243

13,51,4,168,-243

13,51,4,216,-242

13,51,4,264,-242

13,51,4,312,-243

13,51,4,360,-243

13,51,4,408,-243

13,51,4,456,-243

13,51,4,504,-243

13,51,4,552,-243

13,51,4,600,-243

13,51,4,648,-243

13,51,4,696,-243

13,51,4,744,-242

13,51,4,792,-242

13,51,4,840,-242

13,51,4,888,-242

13,51,4,936,-242

13,51,4,984,-242

13,51,5,32,-243

13,51,5,80,-243

13,51,5,128,-242

13,51,5,176,-242

13,51,5,224,-243

13,51,5,272,-243

13,51,5,320,-243

13,51,5,368,-243

13,51,5,416,-243

13,51,5,464,-243

13,51,5,512,-242

13,51,5,560,-242

13,51,5,608,-242

13,51,5,656,-242

13,51,5,704,-242

13,51,5,752,-242

13,51,5,800,-242

13,51,5,848,-242

13,51,5,896,-242

13,51,5,944,-242

13,51,5,992,-242

13,51,6,40,-242

13,51,6,88,-242

13,51,6,136,-242

13,51,6,184,-243

13,51,6,232,-243

13,51,6,280,-243

13,51,6,328,-243

13,51,6,376,-243

13,51,6,424,-243

13,51,6,472,-242

13,51,6,520,-242

13,51,6,568,-242

13,51,6,616,-242

13,51,6,664,-242

13,51,6,712,-242

13,51,6,760,-242

13,51,6,808,-242

13,51,6,856,-242

13,51,6,904,-242

13,51,6,952,-242

13,51,7,0,-242

13,51,7,48,-242

13,51,7,96,-242

13,51,7,144,-242

13,51,7,192,-242

13,51,7,240,-243

13,51,7,288,-243

13,51,7,336,-243

13,51,7,384,-242

13,51,7,432,-242

13,51,7,480,-242

13,51,7,528,-242

13,51,7,576,-242

13,51,7,624,-242

13,51,7,672,-243

13,51,7,720,-243

13,51,7,768,-243

13,51,7,815,-242

13,51,7,863,-242

13,51,7,911,-242

13,51,7,959,-242

13,51,8,7,-242

13,51,8,55,-242

13,51,8,103,-242

13,51,8,151,-242

13,51,8,199,-243

13,51,8,247,-243

13,51,8,295,-243

13,51,8,343,-243

13,51,8,391,-243

13,51,8,439,-242

13,51,8,487,-242

13,51,8,535,-242

13,51,8,583,-242

13,51,8,631,-242

13,51,8,679,-242

13,51,8,727,-242

13,51,8,775,-242

13,51,8,823,-242

13,51,8,871,-242

13,51,8,919,-242

13,51,8,967,-242

13,51,9,15,-242

13,51,9,63,-242

13,51,9,111,-242

13,51,9,159,-243

13,51,9,207,-243

13,51,9,255,-242

13,51,9,303,-242

13,51,9,351,-242

13,51,9,399,-242

13,51,9,447,-243

13,51,9,495,-243

13,51,9,543,-243

13,51,9,591,-242

13,51,9,639,-242

13,51,9,687,-242

13,51,9,735,-243

13,51,9,783,-243

13,51,9,831,-243

13,51,9,879,-243

13,51,9,927,-243

13,51,9,975,-243

13,51,10,23,-243

13,51,10,71,-243

13,51,10,119,-243

13,51,10,167,-243

13,51,10,215,-243

13,51,10,263,-243

13,51,10,311,-242

13,51,10,359,-242

13,51,10,407,-242

13,51,10,455,-242

13,51,10,503,-243

13,51,10,551,-243

13,51,10,599,-243

13,51,10,647,-243

13,51,10,695,-243

13,51,10,743,-243

13,51,10,791,-242

13,51,10,839,-242

13,51,10,887,-242

13,51,10,935,-242

13,51,10,983,-242

13,51,11,31,-242

13,51,11,79,-242

13,51,11,127,-242

13,51,11,175,-242

13,51,11,223,-242

13,51,11,271,-242

13,51,11,319,-242

13,51,11,367,-242

13,51,11,415,-242

13,51,11,463,-242

13,51,11,511,-242

13,51,11,559,-242

13,51,11,607,-242

13,51,11,655,-242

13,51,11,703,-242

13,51,11,751,-242

13,51,11,799,-242

13,51,11,847,-242

13,51,11,895,-243

13,51,11,943,-243

13,51,11,991,-243

13,51,12,39,-242

13,51,12,87,-242

13,51,12,135,-242

13,51,12,183,-243

13,51,12,231,-242

13,51,12,279,-242

13,51,12,327,-242

13,51,12,375,-242

13,51,12,423,-242

13,51,12,471,-242

13,51,12,519,-242

13,51,12,567,-242

13,51,12,615,-242

13,51,12,663,-242

13,51,12,711,-242

13,51,12,759,-242

13,51,12,807,-242

13,51,12,855,-242

13,51,12,903,-242

13,51,12,951,-243

13,51,12,999,-242

13,51,13,47,-242

13,51,13,95,-243

13,51,13,143,-243

13,51,13,191,-242

13,51,13,239,-242

13,51,13,287,-243

13,51,13,335,-243

13,51,13,383,-243

13,51,13,431,-243

13,51,13,479,-243

13,51,13,527,-243

13,51,13,575,-242

13,51,13,622,-242

13,51,13,670,-242

13,51,13,718,-242

13,51,13,766,-242

13,51,13,814,-242

13,51,13,862,-242

13,51,13,910,-242

13,51,13,958,-242

13,51,14,6,-242

13,51,14,54,-242

13,51,14,102,-242

13,51,14,150,-242

13,51,14,198,-243

13,51,14,246,-243

13,51,14,294,-243

13,51,14,342,-243

13,51,14,390,-243

13,51,14,438,-243

13,51,14,486,-242

13,51,14,534,-242

13,51,14,582,-243

13,51,14,630,-242

13,51,14,678,-242

13,51,14,726,-242

13,51,14,774,-242

13,51,14,822,-242

13,51,14,870,-242

13,51,14,918,-242

13,51,14,966,-242

13,51,15,14,-243

13,51,15,62,-243

13,51,15,110,-243

13,51,15,158,-243

13,51,15,206,-243

13,51,15,254,-243

13,51,15,302,-242

13,51,15,350,-242

13,51,15,398,-243

13,51,15,446,-243

13,51,15,494,-243

13,51,15,542,-242

13,51,15,590,-242

13,51,15,638,-242

13,51,15,686,-243

13,51,15,734,-243

13,51,15,782,-243

13,51,15,830,-243

13,51,15,878,-243

13,51,15,926,-243

13,51,15,974,-243

13,51,16,22,-243

13,51,16,70,-242

13,51,16,118,-243

13,51,16,166,-243

13,51,16,214,-243

13,51,16,262,-243

13,51,16,310,-243

13,51,16,358,-243

13,51,16,406,-243

13,51,16,454,-243

13,51,16,502,-243

13,51,16,550,-242

13,51,16,598,-242

13,51,16,646,-243

13,51,16,694,-243

13,51,16,742,-243

13,51,16,790,-243

13,51,16,838,-243

13,51,16,886,-243

13,51,16,934,-243

13,51,16,982,-243

13,51,17,30,-243

13,51,17,78,-243

13,51,17,126,-243

13,51,17,174,-243

13,51,17,222,-243

13,51,17,270,-243

13,51,17,318,-242

13,51,17,366,-242

13,51,17,414,-242

13,51,17,462,-243

13,51,17,510,-243

13,51,17,558,-243

13,51,17,606,-243

13,51,17,654,-243

13,51,17,702,-243

13,51,17,750,-243

13,51,17,798,-243

13,51,17,846,-243

13,51,17,894,-242

13,51,17,942,-242

13,51,17,990,-242

13,51,18,38,-242

13,51,18,86,-243

13,51,18,134,-243

13,51,18,182,-243

13,51,18,230,-242

13,51,18,278,-242

13,51,18,326,-242

13,51,18,374,-242

13,51,18,422,-242

13,51,18,470,-242

13,51,18,518,-242

13,51,18,566,-242

13,51,18,614,-243

13,51,18,662,-243

13,51,18,710,-243

13,51,18,758,-243

13,51,18,806,-242

13,51,18,854,-242

13,51,18,902,-243

13,51,18,950,-243

13,51,18,998,-243

13,51,19,46,-242

13,51,19,94,-242

13,51,19,142,-242

13,51,19,190,-242

13,51,19,238,-242

13,51,19,286,-243

13,51,19,334,-243

13,51,19,381,-243

13,51,19,429,-243

13,51,19,477,-243

13,51,19,525,-243

13,51,19,573,-243

13,51,19,621,-243

13,51,19,669,-243

13,51,19,717,-243

13,51,19,765,-243

13,51,19,813,-243

13,51,19,861,-243

13,51,19,909,-243

13,51,19,957,-243

13,51,20,5,-243

13,51,20,53,-243

13,51,20,101,-243

13,51,20,149,-243

13,51,20,197,-243

13,51,20,245,-243

13,51,20,293,-243

13,51,20,341,-243

13,51,20,389,-243

13,51,20,437,-242

13,51,20,485,-242

13,51,20,533,-242

13,51,20,581,-242

13,51,20,629,-243

13,51,20,677,-242

13,51,20,725,-242

13,51,20,773,-243

13,51,20,821,-243

13,51,20,869,-243

13,51,20,917,-243

13,51,20,965,-243

13,51,21,13,-243

13,51,21,61,-243

13,51,21,109,-243

13,51,21,157,-243

13,51,21,205,-243

13,51,21,253,-243

13,51,21,301,-243

13,51,21,349,-242

13,51,21,397,-242

13,51,21,445,-243

13,51,21,493,-243

13,51,21,541,-243

13,51,21,589,-243

13,51,21,637,-243

13,51,21,685,-243

13,51,21,733,-243

13,51,21,781,-243

13,51,21,829,-243

13,51,21,877,-243

13,51,21,925,-243

13,51,21,973,-243

13,51,22,21,-243

13,51,22,69,-243

13,51,22,117,-243

13,51,22,165,-243

13,51,22,213,-243

13,51,22,261,-243

13,51,22,309,-243

13,51,22,357,-243

13,51,22,405,-243

13,51,22,453,-243

13,51,22,501,-243

13,51,22,549,-243

13,51,22,597,-243

13,51,22,645,-243

13,51,22,693,-243

13,51,22,741,-243

13,51,22,789,-243

13,51,22,837,-243

13,51,22,885,-243

13,51,22,933,-243

13,51,22,981,-243

13,51,23,29,-242

13,51,23,77,-242

13,51,23,125,-242

13,51,23,173,-242

13,51,23,221,-242

13,51,23,269,-242

13,51,23,317,-243

13,51,23,365,-243

13,51,23,413,-243

13,51,23,461,-243

13,51,23,509,-243

13,51,23,557,-243

13,51,23,605,-243

13,51,23,653,-243

13,51,23,701,-243

13,51,23,749,-242

13,51,23,797,-242

13,51,23,845,-243

13,51,23,893,-243

13,51,23,941,-243

13,51,23,989,-243

13,51,24,37,-243

13,51,24,85,-243

13,51,24,133,-243

13,51,24,181,-243

13,51,24,229,-243

13,51,24,277,-243

13,51,24,325,-243

13,51,24,373,-243

13,51,24,421,-242

13,51,24,469,-242

13,51,24,517,-243

13,51,24,565,-243

13,51,24,613,-243

13,51,24,661,-243

13,51,24,709,-243

13,51,24,757,-243

13,51,24,805,-243

13,51,24,853,-243

13,51,24,901,-243

13,51,24,949,-242

13,51,24,997,-242

13,51,25,45,-242

13,51,25,93,-243

13,51,25,141,-243

13,51,25,189,-243

13,51,25,237,-243

13,51,25,284,-243

13,51,25,332,-243

13,51,25,380,-243

13,51,25,428,-243

13,51,25,476,-243

13,51,25,524,-243

13,51,25,572,-243

13,51,25,620,-243

13,51,25,668,-243

13,51,25,716,-243

13,51,25,764,-243

13,51,25,812,-243

13,51,25,860,-243

13,51,25,908,-243

13,51,25,956,-243

13,51,26,4,-243

13,51,26,52,-243

13,51,26,100,-243

13,51,26,148,-243

13,51,26,196,-243

13,51,26,244,-243

13,51,26,292,-243

13,51,26,340,-243

13,51,26,388,-243

13,51,26,436,-243

13,51,26,484,-243

13,51,26,532,-243

13,51,26,580,-242

13,51,26,628,-242

13,51,26,676,-242

13,51,26,724,-243

13,51,26,772,-243

13,51,26,820,-243

13,51,26,868,-243

13,51,26,916,-243

13,51,26,964,-243

13,51,27,12,-243

13,51,27,60,-243

13,51,27,108,-243

13,51,27,156,-243

13,51,27,204,-243

13,51,27,252,-243

13,51,27,300,-243

13,51,27,348,-243

13,51,27,396,-243

13,51,27,444,-243

13,51,27,492,-243

13,51,27,540,-243

13,51,27,588,-243

13,51,27,636,-243

13,51,27,684,-243

13,51,27,732,-243

13,51,27,780,-242

13,51,27,828,-242

13,51,27,876,-243

13,51,27,924,-243

13,51,27,972,-243

13,51,28,20,-243

13,51,28,68,-243

13,51,28,116,-243

13,51,28,164,-243

13,51,28,212,-243

13,51,28,260,-243

13,51,28,308,-243

13,51,28,356,-243

13,51,28,404,-243

13,51,28,452,-243

13,51,28,500,-243

13,51,28,548,-243

13,51,28,596,-243

13,51,28,644,-243

13,51,28,692,-243

13,51,28,740,-242

13,51,28,788,-242

13,54,24,977,-243

13,54,25,25,-243

13,54,25,73,-243

13,54,25,121,-243

13,54,25,168,-243

13,54,25,216,-243

13,54,25,264,-243

13,54,25,313,-243

13,54,25,360,-243

13,54,25,408,-243

13,54,25,456,-243

13,54,25,504,-243

13,54,25,552,-243

13,54,25,600,-243

13,54,25,648,-243

13,54,25,696,-243

13,54,25,744,-243

13,54,25,792,-243

13,54,25,840,-243

13,54,25,888,-242

13,54,25,936,-242

13,54,25,984,-243

13,54,26,32,-243

13,54,26,80,-243

13,54,26,128,-243

13,54,26,176,-243

13,54,26,224,-242

13,54,26,272,-242

13,54,26,320,-243

13,54,26,368,-243

13,54,26,416,-243

13,54,26,464,-243

13,54,26,512,-243

13,54,26,560,-243

13,54,26,608,-243

13,54,26,656,-243

13,54,26,704,-243

13,54,26,752,-242

13,54,26,800,-243

13,54,26,848,-243

13,54,26,896,-243

13,54,26,944,-243

13,54,26,992,-243

13,54,27,40,-243

13,54,27,88,-243

13,54,27,136,-243

13,54,27,184,-243

13,54,27,232,-243

13,54,27,280,-243

13,54,27,328,-243

13,54,27,376,-243

13,54,27,424,-243

13,54,27,472,-243

13,54,27,520,-243

13,54,27,568,-243

13,54,27,616,-243

13,54,27,664,-243

13,54,27,712,-243

13,54,27,760,-242

13,54,27,808,-243

13,54,27,856,-243

13,54,27,904,-243

13,54,27,952,-243

13,54,28,0,-243

13,54,28,48,-243

13,54,28,96,-243

13,54,28,144,-243

13,54,28,192,-243

13,54,28,240,-243

13,54,28,288,-243

13,54,28,336,-243

13,54,28,384,-243

13,54,28,432,-243

13,54,28,480,-243

13,54,28,528,-243

13,54,28,576,-243

13,54,28,624,-243

13,54,28,672,-243

13,54,28,720,-243

13,54,28,768,-243

13,54,28,816,-243

13,54,28,864,-242

13,54,28,912,-242

13,54,28,960,-242

13,54,29,8,-243

13,54,29,56,-243

13,54,29,104,-243

13,54,29,152,-243

13,54,29,200,-243

13,54,29,248,-243

13,54,29,296,-243

13,54,29,344,-243

13,54,29,392,-243

13,54,29,440,-243

13,54,29,488,-243

13,54,29,536,-243

13,54,29,584,-243

13,54,29,632,-243

13,54,29,680,-243

13,54,29,728,-243

13,54,29,776,-243

13,54,29,824,-243

13,54,29,872,-243

13,54,29,920,-243

13,54,29,968,-243

13,54,30,16,-243

13,54,30,64,-243

13,54,30,112,-243

13,54,30,160,-243

13,54,30,208,-243

13,54,30,256,-243

13,54,30,304,-243

13,54,30,352,-243

13,54,30,400,-242

13,54,30,448,-242

13,54,30,496,-243

13,54,30,544,-243

13,54,30,592,-243

13,54,30,640,-243

13,54,30,688,-243

13,54,30,736,-243

13,54,30,784,-243

13,54,30,832,-243

13,54,30,880,-243

13,54,30,928,-243

13,54,30,976,-243

13,54,31,24,-243

13,54,31,72,-243

13,54,31,120,-243

13,54,31,168,-243

13,54,31,216,-243

13,54,31,264,-243

13,54,31,312,-243

13,54,31,359,-243

13,54,31,407,-243

13,54,31,455,-243

13,54,31,503,-243

13,54,31,551,-243

13,54,31,599,-243

13,54,31,647,-243

13,54,31,695,-243

13,54,31,743,-243

13,54,31,791,-243

13,54,31,839,-243

13,54,31,887,-243

13,54,31,935,-243

13,54,31,983,-243

13,54,32,31,-243

13,54,32,79,-243

13,54,32,127,-243

13,54,32,175,-243

13,54,32,223,-243

13,54,32,271,-243

13,54,32,319,-243

13,54,32,367,-243

13,54,32,415,-243

13,54,32,463,-243

13,54,32,511,-243

13,54,32,559,-243

13,54,32,607,-243

13,54,32,655,-243

13,54,32,703,-243

13,54,32,751,-243

13,54,32,799,-243

13,54,32,847,-243

13,54,32,895,-243

13,54,32,943,-243

13,54,32,991,-243

13,54,33,39,-243

13,54,33,87,-243

13,54,33,135,-243

13,54,33,183,-243

13,54,33,231,-243

13,54,33,279,-243

13,54,33,327,-243

13,54,33,375,-242

13,54,33,423,-242

13,54,33,471,-243

13,54,33,519,-243

13,54,33,567,-243

13,54,33,615,-243

13,54,33,663,-243

13,54,33,711,-243

13,54,33,759,-242

13,54,33,807,-242

13,54,33,855,-243

13,54,33,903,-243

13,54,33,951,-243

13,54,33,999,-243

13,54,34,47,-243

13,54,34,95,-244

13,54,34,143,-243

13,54,34,191,-243

13,54,34,239,-243

13,54,34,287,-243

13,54,34,335,-243

13,54,34,383,-243

13,54,34,431,-243

13,54,34,479,-243

13,54,34,527,-243

13,54,34,575,-243

13,54,34,623,-243

13,54,34,671,-243

13,54,34,719,-243

13,54,34,767,-243

13,54,34,815,-243

13,54,34,863,-243

13,54,34,911,-243

13,54,34,959,-243

13,54,35,7,-243

13,54,35,55,-243

13,54,35,103,-243

13,54,35,151,-243

13,54,35,199,-243

13,54,35,247,-243

13,54,35,295,-243

13,54,35,343,-243

13,54,35,391,-243

13,54,35,439,-243

13,54,35,487,-243

13,54,35,535,-243

13,54,35,583,-243

13,54,35,631,-243

13,54,35,679,-243

13,54,35,727,-243

13,54,35,775,-243

13,54,35,823,-243

13,54,35,871,-243

13,54,35,919,-243

13,54,35,967,-243

13,54,36,15,-243

13,54,36,63,-243

13,54,36,111,-243

13,54,36,159,-243

13,54,36,207,-243

13,54,36,255,-243

13,54,36,303,-243

13,54,36,351,-243

13,54,36,399,-243

13,54,36,447,-243

13,54,36,495,-243

13,54,36,543,-243

13,54,36,591,-243

13,54,36,639,-243

13,54,36,687,-243

13,54,36,735,-243

13,54,36,783,-243

13,54,36,831,-243

13,54,36,879,-243

13,54,36,927,-243

13,54,36,975,-242

13,54,37,23,-243

13,54,37,71,-243

13,54,37,119,-243

13,54,37,167,-243

13,54,37,215,-243

13,54,37,263,-243

13,54,37,311,-243

13,54,37,358,-243

13,54,37,406,-243

13,54,37,454,-243

13,54,37,502,-243

13,54,37,550,-243

13,54,37,598,-243

13,54,37,646,-243

13,54,37,694,-243

13,54,37,742,-243

13,54,37,790,-243

13,54,37,838,-243

13,54,37,886,-243

13,54,37,934,-243

13,54,37,982,-242

13,54,38,30,-242

13,54,38,78,-243

13,54,38,126,-243

13,54,38,174,-243

13,54,38,222,-243

13,54,38,270,-243

13,54,38,318,-243

13,54,38,366,-243

13,54,38,414,-243

13,54,38,462,-243

13,54,38,510,-243

13,54,38,558,-243

13,54,38,606,-243

13,54,38,654,-243

13,54,38,702,-243

13,54,38,750,-243

13,54,38,798,-243

13,54,38,846,-243

13,54,38,894,-242

13,54,38,942,-242

13,54,38,990,-242

13,54,39,38,-243

13,54,39,86,-243

13,54,39,134,-243

13,54,39,182,-243

13,54,39,230,-243

13,54,39,278,-243

13,54,39,326,-243

13,54,39,374,-243

13,54,39,422,-225

13,54,39,470,-199

13,54,39,518,-200

13,54,39,566,-229

13,54,39,614,-241

13,54,39,662,-242

13,54,39,710,-243

13,54,39,758,-243

13,54,39,806,-243

13,54,39,854,-226

13,54,39,902,-230

13,54,39,950,-232

13,54,39,998,-243

13,54,40,46,-221

13,54,40,94,-203

13,54,40,142,-212

13,54,40,190,-238

13,54,40,238,-240

13,54,40,286,-230

13,54,40,334,-221

13,54,40,382,-221

13,54,40,430,-229

13,54,40,478,-228

13,54,40,526,-228

13,54,40,574,-244

13,54,40,622,-245

13,54,40,670,-214

13,54,40,718,-181

13,54,40,766,-183

13,54,40,814,-192

13,54,40,862,-137

13,54,40,910,-88

13,54,40,958,-97

13,54,41,6,-87

13,54,41,54,-96

13,54,41,102,-140

13,54,41,150,-171

13,54,41,198,-204

13,54,41,246,-203

13,54,41,294,-168

13,54,41,342,-170

13,54,41,390,-187

13,54,41,438,-218

13,54,41,486,-235

13,54,41,534,-165

13,54,41,582,-139

13,54,41,630,-132

13,54,41,678,-169

13,54,41,726,-172

13,54,41,774,-165

13,54,41,822,-204

13,54,41,870,-230

13,54,41,918,-229

13,54,41,966,-234

13,54,42,14,-234

13,54,42,62,-196

13,54,42,110,-158

13,54,42,158,-149

13,54,42,206,-156

13,54,42,254,-155

13,54,42,302,-147

13,54,42,350,-201

13,54,42,398,-205

13,54,42,446,-214

13,54,42,494,-218

13,54,42,542,-211

13,54,42,590,-189

13,54,42,638,-199

13,54,42,686,-213

13,54,42,734,-171

13,54,42,782,-204

13,54,42,830,-206

13,54,42,878,-208

13,54,42,926,-206

13,54,42,974,-206

13,54,43,22,-143

13,54,43,70,-174

13,54,43,118,-216

13,54,43,166,-212

13,54,43,214,-207

13,54,43,262,-186

13,54,43,310,-186

13,54,43,358,-160

13,54,43,405,-136

13,54,43,453,-144

13,54,43,501,-133

13,54,43,549,-136

13,54,43,597,-137

13,54,43,645,-134

13,54,43,693,-175

13,54,43,741,-140

13,54,43,789,-122

13,54,43,837,-183

13,54,43,885,-162

13,54,43,933,-125

13,54,43,981,-141

13,54,44,29,-127

13,54,44,77,-100

13,54,44,125,-99

13,54,44,173,-81

13,54,44,221,-173

13,54,44,269,-151

13,54,44,317,-145

13,54,44,365,-154

13,54,44,413,-104

13,54,44,461,-109

13,54,44,509,-102

13,54,44,557,-100

13,54,44,605,-103

13,54,44,653,-108

13,54,44,701,-113

13,54,44,749,-109

13,54,44,797,-104

13,54,44,845,-107

13,54,44,893,-113

13,54,44,941,-107

13,54,44,989,-105

13,54,45,37,-106

13,54,45,85,-113

13,54,45,133,-116

13,54,45,181,-115

13,54,45,229,-114

13,54,45,277,-108

13,54,45,325,-105

13,54,45,373,-105

13,54,45,421,-110

13,54,45,469,-118

13,54,45,517,-133

13,54,45,565,-139

13,54,45,613,-161

13,54,45,661,-144

13,54,45,709,-144

13,54,45,757,-150

13,54,45,805,-166

13,54,45,853,-174

13,54,45,901,-173

13,54,45,949,-190

13,54,45,997,-190

13,54,46,45,-190

13,54,46,93,-205

13,54,46,141,-241

13,54,46,189,-247

13,54,46,237,-241

13,54,46,285,-241

13,54,46,333,-242

13,54,46,381,-242

13,54,46,429,-242

13,54,46,477,-242

13,54,46,525,-242

13,54,46,573,-242

13,54,46,621,-242

13,54,46,669,-242

13,54,46,717,-242

13,54,46,765,-242

13,54,46,813,-242

13,54,46,861,-242

13,54,46,909,-242

13,54,46,957,-235

13,54,47,5,-129

13,54,47,53,-116

13,54,47,101,-101

13,54,47,149,-107

13,54,47,197,-100

13,54,47,245,-95

13,54,47,293,-73

13,54,47,341,-58

13,54,47,389,-45

13,54,47,437,-49

13,54,47,485,-57

13,54,47,533,-66

13,54,47,581,-70

13,54,47,629,-101

13,54,47,677,-98

13,54,47,725,-78

13,54,47,773,-36

13,54,47,821,-22

13,54,47,869,-37

13,54,47,917,-33

13,54,47,965,-27

13,54,48,13,-32

13,54,48,61,-55

13,54,48,109,-58

13,54,48,157,-59

13,54,48,205,-48

13,54,48,253,-46

13,54,48,301,-35

13,54,48,349,-27

13,54,48,397,-13

13,54,48,445,-25

13,54,48,493,-16

13,54,48,541,-31

13,54,48,589,-40

13,54,48,637,-53

13,54,48,685,-50

13,54,48,733,16

13,54,48,781,43

13,54,48,829,52

13,54,48,877,65

13,54,48,925,92

13,54,48,973,94

13,54,49,21,104

13,54,49,69,102

13,54,49,117,87

13,54,49,165,83

13,54,49,213,82

13,54,49,261,49

13,54,49,309,12

13,54,49,357,25

13,54,49,405,27

13,54,49,453,29

13,54,49,501,33

13,54,49,548,27

13,54,49,596,32

13,54,49,644,69

13,54,49,692,69

13,54,49,740,76

13,54,49,788,67

13,54,49,836,-4

13,54,49,884,-43

13,54,49,932,-27

13,54,49,980,30

13,54,50,28,94

13,54,50,76,98

13,54,50,124,100

13,54,50,172,-22

13,54,50,220,-147

13,54,50,268,-84

13,54,50,316,-95

13,54,50,364,-59

13,54,50,412,-9

13,54,50,460,-7

13,54,50,508,8

13,54,50,556,56

13,54,50,604,14

13,54,50,652,-9

13,54,50,700,0

13,54,50,748,-7

13,54,50,796,-25

13,54,50,844,-15

13,54,50,892,-23

13,54,50,940,-38

13,54,50,988,-43

13,54,51,36,-37

13,54,51,84,-37

13,54,51,132,-39

13,54,51,180,-57

13,54,51,228,-46

13,54,51,276,-75

13,54,51,324,-77

13,54,51,372,-120

13,54,51,420,-107

13,54,51,468,-40

13,54,51,516,-16

13,54,51,564,13

13,54,51,612,30

13,54,51,660,29

13,54,51,708,22

13,54,51,756,4

13,54,51,804,-34

13,54,51,852,-71

13,54,51,900,-84

13,54,51,948,-81

13,54,51,996,-65

13,54,52,44,-75

13,54,52,92,-82

13,54,52,140,-81

13,54,52,188,-84

13,54,52,236,-90

13,54,52,284,-69

13,54,52,332,-63

13,54,52,380,-64

13,54,52,428,-56

13,54,52,476,-31

13,54,52,524,-3

13,54,52,572,11

13,54,52,620,19

13,54,52,668,17

13,54,52,716,18

13,54,52,764,9

13,54,52,812,8

13,54,52,860,10

13,54,52,908,8

13,54,52,956,1

13,54,53,4,-2

13,54,53,52,-11

13,54,53,100,-24

13,54,53,148,-35

13,54,53,196,-49

13,54,53,244,-52

13,54,53,292,-45

13,54,53,340,-46

13,54,53,388,-47

13,54,53,436,-77

13,54,53,484,-109

13,54,53,532,-106

13,54,53,580,-97

13,54,53,628,-75

13,54,53,676,9

13,54,53,724,4

13,54,53,772,-3

13,54,53,820,-16

13,54,53,868,-33

13,54,53,916,-66

13,54,53,964,-61

13,54,54,12,-63

13,54,54,60,-55

13,54,54,108,-53

13,54,54,156,-25

13,54,54,204,3

13,54,54,252,-13

13,54,54,300,-30

13,54,54,348,-57

13,54,54,396,-76

13,54,54,444,-83

13,54,54,492,-81

13,54,54,540,-96

13,54,54,588,-83

13,54,54,636,-21

13,54,54,684,-9

13,54,54,732,-15

13,54,54,780,-48

13,54,54,828,-42

13,54,54,876,-53

13,54,54,924,-67

13,54,54,972,-106

13,54,55,20,-101

13,54,55,68,-99

13,54,55,116,-57

13,54,55,164,-74

13,54,55,212,-69

13,54,55,260,-57

13,54,55,308,-60

13,54,55,356,-48

13,54,55,404,-61

13,54,55,452,-46

13,54,55,500,8

13,54,55,548,4

13,54,55,595,-25

13,54,55,643,-24

13,54,55,691,-30

13,54,55,739,-34

13,54,55,787,-77

13,54,55,835,-93

13,54,55,883,-90

13,54,55,931,-85

13,54,55,979,-77

13,54,56,27,-95

13,54,56,75,-113

13,54,56,123,-113

13,54,56,171,-107

13,54,56,219,-92

13,54,56,267,-95

13,54,56,315,-78

13,54,56,363,-44

13,54,56,411,-44

13,54,56,459,-53

13,54,56,507,-78

13,54,56,555,-115

13,54,56,603,-123

13,54,56,651,-131

13,54,56,699,-117

13,54,56,747,-120

13,54,56,795,-105

13,54,56,843,-94

13,54,56,891,-118

13,54,56,939,-124

13,54,56,987,-123

13,54,57,35,-96

13,54,57,83,-62

13,54,57,131,-23

13,54,57,179,-7

13,54,57,227,50

13,54,57,275,89

13,54,57,323,74

13,54,57,371,73

13,54,57,419,67

13,54,57,467,63

13,54,57,515,61

13,54,57,563,45

13,54,57,611,39

13,54,57,659,39

13,54,57,707,46

13,54,57,755,48

13,54,57,803,34

13,54,57,851,40

13,54,57,899,40

13,54,57,947,49

13,54,57,995,34

13,54,58,43,27

13,54,58,91,47

13,54,58,139,31

13,54,58,187,44

13,54,58,235,83

13,54,58,283,104

13,54,58,331,81

13,54,58,379,103

13,54,58,427,128

13,54,58,475,113

13,54,58,523,97

13,54,58,571,104

13,54,58,619,101

13,54,58,667,109

13,54,58,715,77

13,54,58,763,29

13,54,58,811,-15

13,54,58,859,-65

13,54,58,907,-75

13,54,58,955,-85

13,54,59,3,-105

13,54,59,51,-57

13,54,59,99,-64

13,54,59,147,-84

13,54,59,195,-101

13,54,59,243,-129

13,54,59,291,-161

13,54,59,339,-139

13,54,59,387,-107

13,54,59,435,-83

13,54,59,483,-41

13,54,59,531,0

13,54,59,579,47

13,54,59,627,60

13,54,59,675,31

13,54,59,723,0

13,54,59,771,-38

13,54,59,819,-49

13,54,59,867,-74

13,54,59,915,-86

13,54,59,963,-71

13,55,0,11,-77

13,55,0,59,-13

13,55,0,107,15

13,55,0,155,25

13,55,0,203,-41

13,55,0,251,-61

13,55,0,299,-70

13,55,0,347,-45

13,55,0,395,4

13,55,0,443,55

13,55,0,491,50

13,55,0,539,25

13,55,0,587,62

13,55,0,635,18

13,55,0,683,-82

13,55,0,731,-88

13,55,0,779,-93

13,55,0,827,-119

13,55,0,875,-138

13,55,0,923,-132

13,55,0,971,-119

13,55,1,19,-131

13,55,1,67,-118

13,55,1,115,-122

13,55,1,163,-129

13,55,1,211,-137

13,55,1,259,-112

13,55,1,307,-105

13,55,1,355,-140

13,55,1,403,-199

13,55,1,451,-241

13,55,1,499,-241

13,55,1,547,-242

13,55,1,595,-242

13,55,1,643,-242

13,55,1,691,-242

13,55,1,738,-242

13,55,1,786,-242

13,55,1,834,-242

13,55,1,882,-242

13,55,1,930,-242

13,55,1,978,-225

13,55,2,26,-227

13,55,2,74,-215

13,55,2,122,-137

13,55,2,170,-63

13,55,2,218,47

13,55,2,266,64

13,55,2,314,90

13,55,2,362,77

13,55,2,410,1

13,55,2,458,0

13,55,2,506,22

13,55,2,554,24

13,55,2,602,14

13,55,2,650,19

13,55,2,698,52

13,55,2,746,85

13,55,2,794,124

13,55,2,842,158

13,55,2,890,183

13,55,2,938,172

13,55,2,986,164

13,55,3,34,183

13,55,3,82,166

13,55,3,130,162

13,55,3,178,196

13,55,3,226,249

13,55,3,274,227

13,55,3,322,206

13,55,3,370,204

13,55,3,418,210

13,55,3,466,238

13,55,3,514,236

13,55,3,562,211

13,55,3,610,204

13,55,3,658,197

13,55,3,706,188

13,55,3,754,205

13,55,3,802,229

13,55,3,850,247

13,55,3,898,276

13,55,3,946,298

13,55,3,994,270

13,55,4,42,238

13,55,4,90,246

13,55,4,138,293

13,55,4,186,321

13,55,4,234,316

13,55,4,282,293

13,55,4,330,275

13,55,4,378,237

13,55,4,426,204

13,55,4,474,212

13,55,4,522,240

13,55,4,570,243

13,55,4,618,223

13,55,4,666,214

13,55,4,714,214

13,55,4,762,226

13,55,4,810,225

13,55,4,858,230

13,55,4,906,255

13,55,4,954,259

13,55,5,2,230

13,55,5,50,216

13,55,5,98,209

13,55,5,146,225

13,55,5,194,240

13,55,5,242,236

13,55,5,290,210

13,55,5,338,185

13,55,5,386,202

13,55,5,434,176

13,55,5,482,185

13,55,5,530,213

13,55,5,578,202

13,55,5,626,213

13,55,5,674,223

13,55,5,722,194

13,55,5,770,169

13,55,5,818,154

13,55,5,866,118

13,55,5,914,70

13,55,5,962,58

13,55,6,10,81

13,55,6,58,121

13,55,6,106,135

13,55,6,154,145

13,55,6,202,174

13,55,6,250,171

13,55,6,298,185

13,55,6,346,198

13,55,6,394,214

13,55,6,442,239

13,55,6,490,283

13,55,6,538,270

13,55,6,586,207

13,55,6,634,192

13,55,6,682,200

13,55,6,730,211

13,55,6,778,162

13,55,6,826,122

13,55,6,874,106

13,55,6,922,161

13,55,6,970,188

13,55,7,18,194

13,55,7,66,193

13,55,7,114,201

13,55,7,162,144

13,55,7,210,145

13,55,7,258,144

13,55,7,306,145

13,55,7,354,127

13,55,7,402,136

13,55,7,450,158

13,55,7,498,159

13,55,7,546,178

13,55,7,594,209

13,55,7,642,235

13,55,7,690,217

13,55,7,738,201

13,55,7,785,163

13,55,7,833,163

13,55,7,881,173

13,55,7,929,167

13,55,7,977,163

13,55,8,25,99

13,55,8,73,20

13,55,8,121,-9

13,55,8,169,44

13,55,8,217,69

13,55,8,265,53

13,55,8,313,47

13,55,8,361,31

13,55,8,409,-65

13,55,8,457,-129

13,55,8,505,-123

13,55,8,553,-133

13,55,8,601,-79

13,55,8,649,-87

13,55,8,697,-86

13,55,8,745,-213

13,55,8,793,-242

13,55,8,841,-242

13,55,8,889,-242

13,55,8,937,-242

13,55,8,985,-242

13,55,9,33,-242

13,55,9,81,-242

13,55,9,129,-242

13,55,9,177,-242

13,55,9,225,-242

13,55,9,273,-242

13,55,9,321,-242

13,55,9,369,-242

13,55,9,417,-242

13,55,9,465,-242

13,55,9,513,-242

13,55,9,561,-242

13,55,9,609,-242

13,55,9,657,-242

13,55,9,705,-242

13,55,9,753,-242

13,55,9,801,-242

13,55,9,849,-242

13,55,9,897,-242

13,55,9,945,-242

13,55,9,993,-242

13,55,10,41,-242

13,55,10,89,-242

13,55,10,137,-242

13,55,10,185,-242

13,55,10,233,-242

13,55,10,281,-242

13,55,10,329,-242

13,55,10,377,-230

13,55,10,425,-175

13,55,10,473,-147

13,55,10,521,-123

13,55,10,569,-86

13,55,10,617,-52

13,55,10,665,-28

13,55,10,713,-21

13,55,10,761,3

13,55,10,809,-16

13,55,10,857,-148

13,55,10,905,-144

13,55,10,953,-173

13,55,11,1,-234

13,55,11,49,-235

13,55,11,97,-241

13,55,11,145,-243

13,55,11,193,-243

13,55,11,241,-211

13,55,11,289,-157

13,55,11,337,-128

13,55,11,385,-90

13,55,11,433,-36

13,55,11,481,-20

13,55,11,529,-14

13,55,11,577,32

13,55,11,625,94

13,55,11,673,94

13,55,11,721,93

13,55,11,769,113

13,55,11,817,135

13,55,11,865,155

13,55,11,913,151

13,55,11,961,150

13,55,12,9,161

13,55,12,57,183

13,55,12,105,177

13,55,12,153,160

13,55,12,201,161

13,55,12,249,159

13,55,12,297,159

13,55,12,345,166

13,55,12,393,175

13,55,12,441,180

13,55,12,489,174

13,55,12,537,171

13,55,12,585,154

13,55,12,633,144

13,55,12,681,146

13,55,12,729,170

13,55,12,777,198

13,55,12,825,266

13,55,12,873,280

13,55,12,921,262

