18,36,984,-8
18,37,63,-8
18,37,143,-8
18,37,223,-7
18,37,303,-7
18,37,383,-6
18,37,463,-6
18,37,543,-6
18,37,623,-6
18,37,703,-6
18,37,783,-6
18,37,863,-6
18,37,943,-6
18,38,23,-6
18,38,103,-6
18,38,183,-6
18,38,263,-7
18,38,343,-7
18,38,423,-7
18,38,503,-7
18,38,583,-7
18,38,663,-7
18,38,743,-7
18,38,823,-7
18,38,903,-7
18,38,983,-7
18,39,63,-7
18,39,143,-7
18,39,223,-7
18,39,303,-7
18,39,383,-7
18,39,463,-7
18,39,543,-7
18,39,623,-7
18,39,703,-7
18,39,783,-7
18,39,863,-7
18,39,943,-7
18,40,23,-7
18,40,103,-7
18,40,183,-7
18,40,263,-7
18,40,343,-7
18,40,423,-7
18,40,503,-7
18,40,583,-7
18,40,663,-7
18,40,743,-7
18,40,823,-7
18,40,903,-7
18,40,983,-7
18,41,63,-7
18,41,143,-7
18,41,223,-7
18,41,303,-7
18,41,383,-7
18,41,463,-7
18,41,543,-7
18,41,623,-7
18,41,703,-7
18,41,783,-7
18,41,863,-7
18,41,943,-7
18,42,23,-7
18,42,103,-7
18,42,183,-7
18,42,263,-7
18,42,343,-7
18,42,423,-7
18,42,503,-7
18,42,583,-7
18,42,662,-7
18,42,742,-7
18,42,822,-7
18,42,902,-7
18,42,982,-7
18,43,62,-7
18,43,142,-7
18,43,222,-7
18,43,302,-7
18,43,382,-7
18,43,462,-7
18,43,542,-7
18,43,622,-7
18,43,702,-7
18,43,782,-7
18,43,862,-7
18,43,942,-7
18,44,22,-7
18,44,102,-7
18,44,182,-7
18,44,262,-7
18,44,342,-7
18,44,422,-7
18,44,502,-7
18,44,582,-7
18,44,662,-7
18,44,742,-7
18,44,822,-7
18,44,902,-7
18,44,982,-7
18,45,62,-7
18,45,142,-7
18,45,222,-7
18,45,302,-7
18,45,382,-7
18,45,462,-7
18,45,542,-7
18,45,622,-7
18,45,702,-7
18,45,782,-7
18,45,862,-7
18,45,942,-7
18,46,22,-7
18,46,102,-7
18,46,182,-7
18,46,262,-7
18,46,342,-7
18,46,422,-7
18,46,502,-7
18,46,582,-7
18,46,662,-7
18,46,742,-7
18,46,822,-7
18,46,902,-7
18,46,982,-7
18,47,62,-7
18,47,142,-7
18,47,222,-7
18,47,302,-7
18,47,382,-7
18,47,462,-7
18,47,542,-7
18,47,622,-7
18,47,702,-7
18,47,782,-7
18,47,862,-8
18,47,942,-8
18,48,22,-7
18,48,102,-7
18,48,182,-7
18,48,262,-7
18,48,342,-7
18,48,421,-7
18,48,502,-7
18,48,581,-7
18,48,661,-7
18,48,741,-7
18,48,821,-7
18,48,901,-7
18,48,981,-7
18,49,61,-7
18,49,141,-7
18,49,221,-7
18,49,301,-7
18,49,381,-7
18,49,461,-7
18,49,541,-7
18,49,621,-7
18,49,701,-7
18,49,781,-7
18,49,861,-7
18,49,941,-7
18,50,21,-7
18,50,101,-7
18,50,181,-7
18,50,261,-7
18,50,341,-7
18,50,421,-7
18,50,501,-7
18,50,581,-6
18,50,661,-7
18,50,741,-6
18,50,821,-6
18,50,901,-6
18,50,981,-6
18,51,61,-6
18,51,141,-6
18,51,221,-6
18,51,301,-6
18,51,381,-6
18,51,461,-6
18,51,541,-6
18,51,621,-6
18,51,701,-6
18,51,781,-6
18,51,861,-6
18,51,941,-6
18,52,21,-6
18,52,101,-6
18,52,181,-6
18,52,261,-6
18,52,341,-6
18,52,421,-6
18,52,501,-6
18,52,581,-6
18,52,661,-6
18,52,741,-6
18,52,821,-6
18,52,901,-6
18,52,981,-6
18,53,61,-6
18,53,141,-6
18,53,221,-6
18,53,301,-6
18,53,381,-6
18,53,461,-6
18,53,541,-6
18,53,621,-6
18,53,701,-6
18,53,781,-6
18,53,861,-6
18,53,941,-6
18,54,21,-6
18,54,101,-6
18,54,181,-6
18,54,260,-6
18,54,340,-6
18,54,420,-6
18,54,500,-6
18,54,580,-6
18,54,660,-6
18,54,740,-6
18,54,820,-6
18,54,900,-6
18,54,980,-6
18,55,60,-6
18,55,140,-6
18,55,220,-6
18,55,300,-6
18,55,380,-6
18,55,460,-6
18,55,540,-6
18,55,620,-6
18,55,700,-6
18,55,780,-6
18,55,860,-6
18,55,940,-6
18,56,20,-6
18,56,100,-6
18,56,180,-6
18,56,260,-6
18,56,340,-6
18,56,420,-6
18,56,500,-6
18,56,580,-6
18,56,660,-6
18,56,740,-6
18,56,820,-6
18,56,900,-6
18,56,980,-6
18,57,60,-6
18,57,140,-6
18,57,220,-6
18,57,300,-6
18,57,380,-6
18,57,460,-6
18,57,540,-6
18,57,620,-6
18,57,700,-6
18,57,780,-6
18,57,860,-6
18,57,940,-6
18,58,20,-6
18,58,100,-6
18,58,180,-6
18,58,260,-6
18,58,340,-6
18,58,420,-6
18,58,500,-6
18,58,580,-6
18,58,660,-6
18,58,740,-6
18,58,820,-6
18,58,900,-6
18,58,980,-6
18,59,60,-6
18,59,140,-6
18,59,220,-6
18,59,300,-6
18,59,380,-6
18,59,460,-6
18,59,540,-6
18,59,620,-5
18,59,700,-6
18,59,780,-6
18,59,860,-6
18,59,940,-6
19,0,20,-6
19,0,99,-6
19,0,179,-6
19,0,259,-6
19,0,339,-6
19,0,419,-6
19,0,499,-6
19,0,579,-5
19,0,659,-5
19,0,739,-5
19,0,819,-5
19,0,899,-5
19,0,979,-5
19,1,59,-6
19,1,139,-5
19,1,219,-5
19,1,299,-5
19,1,379,-5
19,1,459,-5
19,1,539,-5
19,1,619,-5
19,1,699,-5
19,1,779,-5
19,1,859,-5
19,1,939,-5
19,2,19,-5
19,2,99,-5
19,2,179,-5
19,2,259,-5
19,2,339,-5
19,2,419,-5
19,2,499,-5
19,2,579,-5
19,2,659,-5
19,2,739,-5
19,2,819,-5
19,2,899,-5
19,2,979,-5
19,3,59,-5
19,3,139,-5
19,3,219,-5
19,3,299,-5
19,3,379,-5
19,3,459,-5
19,3,539,-5
19,3,619,-5
19,3,699,-5
19,3,779,-5
19,3,859,-5
19,3,939,-5
19,4,19,-5
19,4,99,-5
19,4,179,-5
19,4,259,-5
19,4,339,-5
19,4,419,-5
19,4,499,-5
19,4,579,-5
19,4,659,-5
19,4,739,-5
19,4,819,-5
19,4,899,-5
19,4,979,-5
19,5,59,-5
19,5,139,-5
19,5,219,-5
19,5,299,-5
19,5,379,-5
19,5,459,-5
19,5,539,-5
19,5,619,-5
19,5,699,-5
19,5,778,-5
19,5,858,-5
19,5,938,-5
19,6,18,-5
19,6,98,-5
19,6,178,-5
19,6,258,-5
19,6,338,-5
19,6,418,-5
19,6,498,-5
19,6,578,-5
19,6,658,-5
19,6,738,-5
19,6,818,-5
19,6,898,-5
19,6,978,-5
19,7,58,-5
19,7,138,-5
19,7,218,-5
19,7,298,-5
19,7,378,-5
19,7,458,-5
19,7,538,-5
19,7,618,-5
19,7,698,-5
19,7,778,-5
19,7,858,-5
19,7,938,-5
19,8,18,-5
19,8,98,-5
19,8,178,-5
19,8,258,-5
19,8,338,-5
19,8,418,-5
19,8,498,-5
19,8,578,-5
19,8,658,-5
19,8,738,-5
19,8,818,-5
19,8,898,-5
19,8,978,-5
19,9,58,-5
19,9,138,-5
19,9,218,-5
19,9,298,-5
19,9,378,-5
19,9,458,-5
19,9,538,-5
19,9,618,-5
19,9,698,-5
19,9,778,-5
19,9,858,-5
19,9,938,-5
19,10,18,-5
19,10,98,-5
19,10,178,-5
19,10,258,-5
19,10,338,-5
19,10,418,-5
19,10,498,-5
19,10,578,-5
19,10,658,-5
19,10,738,-5
19,10,818,-5
19,10,898,-5
19,10,978,-5
19,11,58,-5
19,11,138,-5
19,11,218,-5
19,11,298,-5
19,11,378,-5
19,11,458,-5
19,11,538,-5
19,11,617,-5
19,11,697,-5
19,11,777,-5
19,11,857,-5
19,11,937,-5
19,12,17,-5
19,12,97,-5
19,12,177,-5
19,12,257,-5
19,12,337,-5
19,12,417,-5
19,12,497,-5
19,12,577,-5
19,12,657,-5
19,12,737,-5
19,12,817,-5
19,12,897,-5
19,12,977,-5
19,13,57,-5
19,13,137,-5
19,13,217,-5
19,13,297,-5
19,13,377,-5
19,13,457,-5
19,13,537,-5
19,13,617,-5
19,13,697,-5
19,13,777,-5
19,13,857,-5
19,13,937,-5
19,14,17,-5
19,14,97,-5
19,14,177,-5
19,14,257,-5
19,14,337,-5
19,14,417,-5
19,14,497,-5
19,14,577,-5
19,14,657,-5
19,14,737,-5
19,14,817,-5
19,14,897,-5
19,14,977,-5
19,15,57,-5
19,15,137,-5
19,15,217,-5
19,15,297,-5
19,15,377,-5
19,15,457,-5
19,15,537,-5
19,15,617,-5
19,15,697,-5
19,15,777,-5
19,15,857,-5
19,15,937,-5
19,16,17,-5
19,16,97,-5
19,16,177,-5
19,16,257,-5
19,16,337,-5
19,16,417,-5
19,16,497,-5
19,16,577,-5
19,16,657,-5
19,16,737,-5
19,16,817,-5
19,16,897,-5
19,16,977,-5
19,17,57,-5
19,17,137,-5
19,17,217,-5
19,17,297,-5
19,17,377,-5
19,17,456,-5
19,17,536,-5
19,17,616,-5
19,17,696,-5
19,17,776,-5
19,17,856,-5
19,17,936,-5
19,18,16,-5
19,18,96,-5
19,18,176,-5
19,18,256,-5
19,18,336,-5
19,18,416,-5
19,18,496,-5
19,18,576,-5
19,18,656,-5
19,18,736,-5
19,18,816,-5
19,18,896,-5
19,18,976,-5
19,19,56,-5
19,19,136,-5
19,19,216,-5
19,19,296,-5
19,19,376,-5
19,19,456,-5
19,19,536,-5
19,19,616,-5
19,19,696,-5
19,19,776,-5
19,19,856,-5
19,19,936,-5
19,20,16,-5
19,20,96,-5
19,20,176,-5
19,20,256,-5
19,20,336,-5
19,20,416,-5
19,20,496,-5
19,20,576,-5
19,20,656,-5
19,20,736,-5
19,20,816,-5
19,20,896,-5
19,20,976,-5
19,21,56,-5
19,21,136,-5
19,21,216,-5
19,21,296,-5
19,21,376,-5
19,21,456,-5
19,21,536,-5
19,21,616,-5
19,21,696,-5
19,21,776,-5
19,21,856,-5
19,21,936,-5
19,22,16,-5
19,22,96,-5
19,22,176,-5
19,22,256,-5
19,22,336,-5
19,22,416,-5
19,22,496,-5
19,22,576,-5
19,22,656,-5
19,22,736,-5
19,22,816,-5
19,22,896,-5
19,22,976,-5
19,23,56,-5
19,23,136,-5
19,23,215,-5
19,23,296,-5
19,23,375,-5
19,23,455,-5
19,23,535,-5
19,23,615,-5
19,23,695,-5
19,23,775,-5
19,23,855,-5
19,23,935,-5
19,24,15,-5
19,24,95,-5
19,24,175,-5
19,24,255,-5
19,24,335,-5
19,24,415,-5
19,24,495,-5
19,24,575,-5
19,24,655,-5
19,24,735,-5
19,24,815,-5
19,24,895,-5
19,24,975,-5
19,25,55,-5
19,25,135,-5
19,25,215,-5
19,25,295,-5
19,25,375,-5
19,25,455,-5
19,25,535,-5
19,25,615,-5
19,25,695,-5
19,25,775,-5
19,25,855,-5
19,25,935,-5
19,26,15,-5
19,26,95,-5
19,26,175,-5
19,26,255,-5
19,26,335,-5
19,26,415,-5
19,26,495,-5
19,26,575,-5
19,26,655,-5
19,26,735,-5
19,26,815,-5
19,26,895,-5
19,26,975,-5
19,27,55,-5
19,27,135,-5
19,27,215,-5
19,27,295,-5
19,27,375,-5
19,27,455,-5
19,27,535,-5
19,27,615,-5
19,27,695,-5
19,27,775,-5
19,27,855,-5
19,27,935,-5
19,28,15,-5
19,28,95,-5
19,28,175,-5
19,28,255,-5
19,28,335,-5
19,28,415,-5
19,28,495,-5
19,28,575,-5
19,28,655,-5
19,28,735,-5
19,28,815,-5
19,28,895,-5
19,28,975,-5
19,29,54,-5
19,29,134,-5
19,29,214,-5
19,29,294,-5
19,29,374,-5
19,29,454,-5
19,29,534,-5
19,29,614,-5
19,29,694,-5
19,29,774,-5
19,29,854,-5
19,29,934,-5
19,30,14,-5
19,30,94,-5
19,30,174,-5
19,30,254,-5
19,30,334,-5
19,30,414,-5
19,30,494,-5
19,30,574,-5
19,30,654,-5
19,30,734,-5
19,30,814,-5
19,30,894,-5
19,30,974,-5
19,31,54,-5
19,31,134,-5
19,31,214,-5
19,31,294,-6
19,31,374,-6
19,31,454,-6
19,31,534,-6
19,31,614,-5
19,31,694,-5
19,31,774,-5
19,31,854,-6
19,31,934,-5
19,32,14,-6
19,32,94,-6
19,32,174,-6
19,32,254,-6
19,32,334,-6
19,32,414,-6
19,32,494,-6
19,32,574,-6
19,32,654,-6
19,32,734,-6
19,32,814,-6
19,32,894,-6
19,32,974,-6
19,33,54,-6
19,33,134,-6
19,33,214,-6
19,33,294,-6
19,33,374,-6
19,33,454,-6
19,33,534,-6
19,33,614,-6
19,33,694,-6
19,33,774,-6
19,33,854,-6
19,33,934,-6
19,34,14,-6
19,34,94,-6
19,34,174,-6
19,34,254,-6
19,34,334,-6
19,34,414,-6
19,34,494,-6
19,34,574,-6
19,34,654,-6
19,34,734,-6
19,34,813,-6
19,34,893,-6
19,34,973,-7
19,35,53,-7
19,35,133,-7
19,35,213,-7
19,35,293,-7
19,35,373,-7
19,35,453,-7
19,35,533,-7
19,35,613,-7
19,35,693,-7
19,35,773,-7
19,35,853,-7
19,35,933,-7
19,36,13,-7
19,36,93,-7
19,36,173,-8
19,36,253,-8
19,36,333,-8
19,36,413,-8
19,36,493,-8
19,36,573,-8
19,36,653,-8
19,36,733,-8
19,36,813,-8
19,36,893,-8
19,36,973,-8
19,37,53,-8
19,37,133,-8
19,37,213,-8
19,37,293,-8
19,37,373,-9
19,37,453,-9
19,37,533,-9
19,37,613,-9
19,37,693,-9
19,37,773,-9
19,37,853,-9
19,37,933,-9
19,38,13,-9
19,38,93,-9
19,38,173,-10
19,38,253,-10
19,38,333,-10
19,38,413,-10
19,38,493,-10
19,38,573,-10
19,38,653,-10
19,38,733,-10
19,38,813,-11
19,38,893,-11
19,38,973,-11
19,39,53,-11
19,39,133,-11
19,39,213,-11
19,39,293,-11
19,39,373,-11
19,39,453,-11
19,39,533,-11
19,39,613,-11
19,39,693,-11
19,39,773,-11
19,39,853,-12
19,39,933,-12
19,40,13,-12
19,40,93,-12
19,40,173,-12
19,40,253,-12
19,40,333,-12
19,40,413,-12
19,40,493,-12
19,40,573,-12
19,40,652,-12
19,40,732,-12
19,40,812,-12
19,40,892,-12
19,40,972,-12
19,41,52,-12
19,41,132,-12
19,41,212,-12
19,41,292,-12
19,41,372,-12
19,41,452,-12
19,41,532,-12
19,41,612,-12
19,41,692,-12
19,41,772,-12
19,41,852,-12
19,41,932,-12
19,42,12,-12
19,42,92,-12
19,42,172,-12
19,42,252,-12
19,42,332,-12
19,42,412,-12
19,42,492,-12
19,42,572,-12
19,42,652,-12
19,42,732,-12
19,42,812,-12
19,42,892,-12
19,42,972,-12
19,43,52,-12
19,43,132,-13
19,43,212,-13
19,43,292,-13
19,43,372,-13
19,43,452,-13
19,43,532,-13
19,43,612,-13
19,43,692,-13
19,43,772,-13
19,43,852,-13
19,43,932,-13
19,44,12,-13
19,44,92,-13
19,44,172,-13
19,44,252,-13
19,44,332,-13
19,44,412,-13
19,44,492,-13
19,44,572,-13
19,44,652,-13
19,44,732,-13
19,44,812,-13
19,44,892,-13
19,44,972,-13
19,45,52,-13
19,45,132,-13
19,45,212,-13
19,45,292,-13
19,45,372,-13
19,45,452,-13
19,45,532,-13
19,45,612,-13
19,45,692,-13
19,45,772,-13
19,45,852,-13
19,45,932,-13
19,46,12,-13
19,46,92,-13
19,46,172,-13
19,46,252,-13
19,46,332,-13
19,46,412,-13
19,46,491,-13
19,46,571,-13
19,46,651,-13
19,46,731,-13
19,46,811,-13
19,46,891,-13
19,46,971,-13
19,47,51,-13
19,47,131,-13
19,47,211,-13
19,47,291,-14
19,47,371,-14
19,47,451,-15
19,47,531,-14
19,47,611,-14
19,47,691,-14
19,47,771,-14
19,47,851,-14
19,47,931,-14
19,48,11,-14
19,48,91,-14
19,48,171,-14
19,48,251,-15
19,48,331,-15
19,48,411,-15
19,48,491,-15
19,48,571,-15
19,48,651,-15
19,48,731,-15
19,48,811,-15
19,48,891,-15
19,48,971,-15
19,49,51,-15
19,49,131,-15
19,49,211,-15
19,49,291,-14
19,49,371,-15
19,49,451,-14
19,49,531,-14
19,49,611,-14
19,49,691,-14
19,49,771,-14
19,49,851,-14
19,49,931,-14
19,50,11,-14
19,50,91,-14
19,50,171,-14
19,50,251,-14
19,50,331,-14
19,50,411,-14
19,50,491,-14
19,50,571,-14
19,50,651,-14
19,50,731,-14
19,50,811,-14
19,50,891,-14
19,50,971,-14
19,51,51,-14
19,51,131,-14
19,51,211,-14
19,51,291,-14
19,51,371,-14
19,51,451,-14
19,51,531,-14
19,51,611,-14
19,51,691,-14
19,51,771,-14
19,51,851,-14
19,51,931,-14
19,52,11,-14
19,52,91,-14
19,52,171,-14
19,52,250,-14
19,52,331,-14
19,52,411,-14
19,52,491,-14
19,52,570,-14
19,52,650,-14
19,52,730,-14
19,52,810,-14
19,52,890,-14
19,52,970,-14
19,53,50,-14
19,53,130,-14
19,53,210,-14
19,53,290,-14
19,53,370,-14
19,53,450,-14
19,53,530,-14
19,53,610,-14
19,53,690,-14
19,53,770,-14
19,53,850,-14
19,53,930,-14
19,54,10,-14
19,54,90,-14
19,54,170,-13
19,54,250,-13
19,54,330,-13
19,54,410,-13
19,54,490,-13
19,54,570,-13
19,54,650,-13
19,54,730,-13
19,54,810,-13
19,54,890,-13
19,54,970,-13
19,55,50,-13
19,55,130,-13
19,55,210,-13
19,55,290,-13
19,55,370,-13
19,55,450,-13
19,55,530,-13
19,55,610,-13
19,55,690,-13
19,55,770,-13
19,55,850,-13
19,55,930,-13
19,56,10,-13
19,56,90,-13
19,56,170,-13
19,56,250,-13
19,56,330,-13
19,56,410,-13
19,56,490,-13
19,56,570,-13
19,56,650,-13
19,56,730,-13
19,56,810,-13
19,56,890,-13
19,56,970,-13
19,57,50,-13
19,57,130,-13
19,57,210,-13
19,57,290,-13
19,57,370,-13
19,57,450,-13
19,57,530,-13
19,57,610,-13
19,57,690,-13
19,57,770,-13
19,57,850,-13
19,57,930,-13
19,58,10,-13
19,58,90,-13
19,58,169,-13
19,58,249,-13
19,58,329,-13
19,58,409,-13
19,58,489,-13
19,58,569,-13
19,58,649,-13
19,58,729,-13
19,58,809,-13
19,58,889,-13
19,58,969,-13
19,59,49,-13
19,59,129,-13
19,59,209,-13
19,59,289,-13
19,59,369,-13
19,59,449,-13
19,59,529,-13
19,59,609,-13
19,59,689,-13
19,59,769,-13
19,59,849,-13
19,59,929,-13
20,0,9,-13
20,0,89,-13
20,0,169,-13
20,0,249,-13
20,0,329,-13
20,0,409,-13
20,0,489,-13
20,0,569,-13
20,0,649,-13
20,0,729,-12
20,0,809,-12
20,0,889,-13
20,0,969,-13
20,1,49,-13
20,1,129,-13
20,1,209,-13
20,1,289,-13
20,1,369,-13
20,1,449,-13
20,1,529,-13
20,1,609,-13
20,1,689,-13
20,1,769,-13
20,1,849,-13
20,1,929,-13
20,2,9,-13
20,2,91,-13
20,2,169,-12
20,2,249,-12
20,2,329,-12
20,2,409,-12
20,2,489,-12
20,2,569,-12
20,2,649,-12
20,2,729,-12
20,2,809,-12
20,2,889,-12
20,2,969,-12
20,3,49,-12
20,3,129,-12
20,3,209,-12
20,3,289,-12
20,3,369,-12
20,3,449,-12
20,3,529,-12
20,3,609,-12
20,3,689,-12
20,3,769,-12
20,3,849,-12
20,3,928,-12
20,4,8,-12
20,4,88,-12
20,4,168,-12
20,4,248,-12
20,4,328,-12
20,4,408,-12
20,4,488,-12
20,4,568,-12
20,4,648,-12
20,4,728,-12
20,4,808,-12
20,4,888,-12
20,4,968,-12
20,5,48,-12
20,5,128,-12
20,5,208,-12
20,5,288,-12
20,5,368,-12
20,5,448,-12
20,5,528,-12
20,5,608,-12
20,5,688,-12
20,5,768,-12
20,5,848,-12
20,5,928,-12
20,6,8,-12
20,6,88,-12
20,6,168,-12
20,6,248,-12
20,6,328,-12
20,6,408,-12
20,6,488,-12
20,6,568,-12
20,6,648,-12
20,6,728,-12
20,6,808,-12
20,6,888,-12
20,6,968,-12
20,7,48,-12
20,7,128,-12
20,7,208,-12
20,7,288,-12
20,7,368,-12
20,7,448,-12
20,7,528,-12
20,7,608,-12
20,7,688,-12
20,7,768,-12
20,7,848,-12
20,7,928,-12
20,8,8,-12
20,8,88,-12
20,8,168,-12
20,8,248,-12
20,8,328,-12
20,8,408,-12
20,8,488,-12
20,8,568,-12
20,8,648,-12
20,8,728,-12
20,8,808,-12
20,8,888,-12
20,8,968,-12
20,9,48,-12
20,9,128,-12
20,9,208,-12
20,9,288,-12
20,9,368,-12
20,9,448,-12
20,9,528,-12
20,9,608,-12
20,9,688,-12
20,9,768,-12
20,9,847,-12
20,9,927,-12
20,10,7,-12
20,10,87,-12
20,10,167,-12
20,10,247,-12
20,10,327,-12
20,10,407,-12
20,10,487,-12
20,10,567,-12
20,10,647,-12
20,10,727,-12
20,10,807,-12
20,10,887,-12
20,10,967,-12
20,11,47,-12
20,11,127,-12
20,11,207,-12
20,11,287,-11
20,11,367,-11
20,11,447,-11
20,11,527,-12
20,11,607,-11
20,11,687,-11
20,11,767,-11
20,11,847,-11
20,11,927,-11
20,12,7,-11
20,12,87,-11
20,12,167,-11
20,12,247,-11
20,12,327,-11
20,12,407,-11
20,12,487,-11
20,12,567,-11
20,12,647,-12
20,12,727,-11
20,12,807,-11
20,12,887,-11
20,12,967,-11
20,13,47,-11
20,13,127,-11
20,13,207,-11
20,13,287,-11
20,13,367,-11
20,13,447,-11
20,13,527,-11
20,13,607,-11
20,13,687,-11
20,13,767,-11
20,13,847,-11
20,13,927,-11
20,14,7,-11
20,14,87,-11
20,14,167,-11
20,14,247,-11
20,14,327,-11
20,14,407,-11
20,14,487,-11
20,14,567,-11
20,14,647,-11
20,14,727,-11
20,14,807,-11
20,14,887,-11
20,14,967,-11
20,15,47,-11
20,15,127,-11
20,15,207,-11
20,15,287,-11
20,15,367,-11
20,15,447,-11
20,15,527,-11
20,15,606,-11
20,15,686,-11
20,15,766,-11
20,15,846,-11
20,15,926,-11
20,16,6,-11
20,16,86,-11
20,16,166,-11
20,16,246,-11
20,16,326,-11
20,16,406,-11
20,16,486,-11
20,16,566,-11
20,16,646,-11
20,16,726,-11
20,16,806,-11
20,16,886,-11
20,16,966,-11
20,17,46,-11
20,17,126,-11
20,17,206,-11
20,17,286,-11
20,17,366,-11
20,17,446,-11
20,17,526,-11
20,17,606,-11
20,17,686,-11
20,17,766,-11
20,17,846,-11
20,17,926,-11
20,18,6,-11
20,18,86,-11
20,18,166,-11
20,18,246,-11
20,18,326,-10
20,18,406,-10
20,18,486,-10
20,18,566,-10
20,18,646,-10
20,18,726,-10
20,18,806,-10
20,18,886,-10
20,18,966,-10
20,19,46,-10
20,19,126,-10
20,19,206,-10
20,19,286,-10
20,19,366,-10
20,19,446,-10
20,19,526,-10
20,19,606,-10
20,19,686,-10
20,19,766,-10
20,19,846,-10
20,19,926,-10
20,20,6,-10
20,20,86,-10
20,20,166,-10
20,20,246,-10
20,20,326,-10
20,20,406,-10
20,20,486,-10
20,20,566,-10
20,20,646,-10
20,20,726,-10
20,20,806,-10
20,20,886,-10
20,20,966,-10
20,21,46,-10
20,21,126,-10
20,21,206,-10
20,21,285,-10
20,21,365,-10
20,21,445,-10
20,21,525,-10
20,21,605,-10
20,21,685,-10
20,21,765,-10
20,21,845,-10
20,21,925,-10
20,22,5,-10
20,22,85,-10
20,22,165,-10
20,22,245,-10
20,22,325,-10
20,22,405,-10
20,22,485,-10
20,22,565,-10
20,22,645,-10
20,22,725,-10
20,22,805,-10
20,22,885,-10
20,22,965,-10
20,23,45,-10
20,23,125,-10
20,23,205,-10
20,23,285,-10
20,23,365,-10
20,23,445,-10
20,23,525,-10
20,23,605,-10
20,23,685,-10
20,23,765,-10
20,23,845,-10
20,23,925,-10
20,24,5,-9
20,24,85,-9
20,24,165,-9
20,24,245,-10
20,24,325,-10
20,24,405,-10
20,24,485,-10
20,24,565,-9
20,24,645,-9
20,24,725,-9
20,24,805,-9
20,24,885,-9
20,24,965,-9
20,25,45,-9
20,25,125,-9
20,25,205,-9
20,25,285,-9
20,25,365,-9
20,25,445,-9
20,25,525,-9
20,25,605,-9
20,25,685,-9
20,25,765,-9
20,25,845,-9
20,25,925,-9
20,26,5,-9
20,26,85,-9
20,26,165,-9
20,26,245,-9
20,26,325,-9
20,26,405,-9
20,26,485,-9
20,26,565,-9
20,26,645,-9
20,26,725,-9
20,26,805,-9
20,26,885,-9
20,26,965,-9
20,27,45,-9
20,27,124,-9
20,27,204,-9
20,27,284,-9
20,27,364,-9
20,27,444,-9
20,27,524,-9
20,27,604,-9
20,27,684,-9
20,27,764,-9
20,27,844,-9
20,27,924,-9
20,28,4,-9
20,28,84,-9
20,28,164,-9
20,28,244,-9
20,28,324,-9
20,28,404,-9
20,28,484,-9
20,28,564,-9
20,28,644,-9
20,28,724,-9
20,28,804,-9
20,28,884,-9
20,28,964,-9
20,29,44,-9
20,29,124,-9
20,29,204,-9
20,29,284,-9
20,29,364,-9
20,29,444,-9
20,29,524,-9
20,29,604,-9
20,29,684,-9
20,29,764,-9
20,29,844,-9
20,29,924,-9
20,30,4,-9
20,30,84,-9
20,30,164,-9
20,30,244,-9
20,30,324,-9
20,30,404,-9
20,30,484,-9
20,30,564,-9
20,30,644,-9
20,30,724,-9
20,30,804,-9
20,30,884,-9
20,30,964,-9
20,31,44,-9
20,31,124,-9
20,31,204,-9
20,31,284,-9
20,31,364,-9
20,31,444,-9
20,31,524,-9
20,31,604,-9
20,31,684,-9
20,31,764,-9
20,31,844,-9
20,31,924,-9
20,32,4,-9
20,32,84,-9
20,32,164,-9
20,32,244,-9
20,32,324,-9
20,32,404,-9
20,32,484,-9
20,32,564,-9
20,32,644,-9
20,32,724,-9
20,32,804,-9
20,32,884,-9
20,32,963,-9
20,33,43,-9
20,33,123,-9
20,33,203,-9
20,33,283,-9
20,33,363,-9
20,33,443,-9
20,33,523,-9
20,33,603,-9
20,33,683,-9
20,33,763,-9
20,33,843,-9
20,33,923,-9
20,34,3,-9
20,34,83,-9
20,34,163,-9
20,34,243,-9
20,34,323,-9
20,34,403,-9
20,34,483,-9
20,34,563,-9
20,34,643,-9
20,34,723,-9
20,34,803,-9
20,34,883,-9
20,34,963,-9
20,35,43,-9
20,35,123,-9
20,35,203,-9
20,35,283,-9
20,35,363,-9
20,35,443,-9
20,35,523,-9
20,35,603,-9
20,35,683,-9
20,35,763,-9
20,35,843,-9
20,35,923,-9
20,36,3,-9
20,36,83,-9
20,36,163,-9
20,36,243,-9
20,36,323,-9
20,36,403,-9
20,36,483,-9
20,36,563,-9
20,36,643,-9
20,36,723,-9
20,36,803,-9
20,36,883,-9
20,36,963,-9
20,37,43,-9
20,37,123,-9
20,37,203,-9
20,37,283,-9
20,37,363,-9
20,37,443,-9
20,37,523,-9
20,37,603,-9
20,37,683,-9
20,37,763,-9
20,37,843,-9
20,37,923,-8
20,38,3,-8
20,38,83,-8
20,38,163,-8
20,38,243,-8
20,38,323,-8
20,38,403,-8
20,38,483,-8
20,38,563,-8
20,38,643,-8
20,38,723,-8
20,38,803,-8
20,38,882,-8
20,38,962,-8
20,39,42,-8
20,39,122,-8
20,39,202,-8
20,39,282,-8
20,39,362,-8
20,39,442,-8
20,39,522,-8
20,39,602,-8
20,39,682,-8
20,39,762,-8
20,39,842,-8
20,39,922,-8
20,40,2,-8
20,40,82,-8
20,40,162,-8
20,40,242,-8
20,40,322,-8
20,40,402,-8
20,40,482,-8
20,40,562,-8
20,40,642,-8
20,40,722,-8
20,40,802,-8
20,40,882,-8
20,40,962,-8
20,41,42,-8
20,41,122,-8
20,41,202,-8
20,41,282,-8
20,41,362,-8
20,41,442,-8
20,41,522,-8
20,41,602,-8
20,41,682,-8
20,41,762,-8
20,41,842,-8
20,41,922,-8
20,42,2,-8
20,42,82,-8
20,42,162,-8
20,42,242,-8
20,42,322,-8
20,42,402,-8
20,42,482,-8
20,42,562,-8
20,42,642,-8
20,42,722,-8
20,42,802,-8
20,42,882,-8
20,42,962,-8
20,43,42,-8
20,43,122,-8
20,43,202,-8
20,43,282,-8
20,43,362,-8
20,43,442,-8
20,43,522,-8
20,43,602,-8
20,43,682,-8
20,43,762,-8
20,43,842,-8
20,43,922,-8
20,44,2,-8
20,44,82,-8
20,44,162,-8
20,44,242,-8
20,44,322,-7
20,44,402,-8
20,44,482,-8
20,44,561,-8
20,44,641,-8
20,44,721,-8
20,44,801,-8
20,44,881,-8
20,44,961,-8
20,45,41,-8
20,45,121,-8
20,45,201,-8
20,45,281,-8
20,45,361,-8
20,45,441,-8
20,45,521,-8
20,45,601,-8
20,45,681,-8
20,45,761,-8
20,45,841,-8
20,45,921,-8
20,46,1,-8
20,46,81,-8
20,46,161,-8
20,46,241,-8
20,46,321,-8
20,46,401,-8
20,46,481,-8
20,46,561,-8
20,46,641,-8
20,46,721,-8
20,46,801,-8
20,46,881,-8
20,46,961,-8
20,47,41,-8
20,47,121,-8
20,47,201,-8
20,47,281,-8
20,47,361,-8
20,47,441,-8
20,47,521,-8
20,47,601,-8
20,47,681,-8
20,47,761,-8
20,47,841,-8
20,47,921,-8
20,48,1,-8
20,48,81,-7
20,48,161,-7
20,48,241,-7
20,48,321,-7
20,48,401,-8
20,48,481,-7
20,48,561,-7
20,48,641,-8
20,48,721,-8
20,48,801,-8
20,48,881,-8
20,48,961,-8
20,49,41,-7
20,49,121,-7
20,49,201,-8
20,49,281,-7
20,49,361,-7
20,49,441,-7
20,49,521,-7
20,49,601,-7
20,49,681,-7
20,49,761,-7
20,49,841,-8
20,49,921,-7
20,50,1,-7
20,50,81,-7
20,50,161,-7
20,50,241,-8
20,50,321,-8
20,50,401,-8
20,50,480,-8
20,50,560,-7
20,50,640,-8
20,50,720,-8
20,50,800,-8
20,50,880,-8
20,50,960,-8
20,51,40,-8
20,51,120,-8
20,51,200,-8
20,51,280,-8
20,51,360,-8
20,51,440,-8
20,51,520,-8
20,51,600,-8
20,51,680,-8
20,51,760,-8
20,51,840,-8
20,51,920,-8
20,52,0,-8
20,52,80,-8
20,52,160,-8
20,52,240,-8
20,52,320,-8
20,52,400,-8
20,52,480,-8
20,52,560,-8
20,52,640,-8
20,52,720,-8
20,52,800,-8
20,52,880,-8
20,52,960,-8
20,53,40,-8
20,53,120,-8
20,53,200,-8
20,53,280,-8
20,53,360,-8
20,53,440,-8
20,53,520,-8
20,53,600,-8
20,53,680,-8
20,53,760,-8
20,53,840,-8
20,53,920,-8
20,54,0,-8
20,54,80,-8
20,54,160,-8
20,54,240,-8
20,54,320,-8
20,54,400,-8
20,54,480,-8
20,54,560,-8
20,54,640,-8
20,54,720,-8
20,54,800,-8
20,54,880,-8
20,54,960,-8
20,55,40,-8
20,55,120,-8
20,55,200,-8
20,55,280,-8
20,55,360,-8
20,55,440,-8
20,55,520,-8
20,55,600,-8
20,55,680,-8
20,55,760,-8
20,55,840,-8
20,55,920,-8
20,56,0,-8
20,56,80,-8
20,56,159,-8
20,56,239,-8
20,56,319,-8
20,56,399,-8
20,56,479,-8
20,56,559,-8
20,56,639,-8
20,56,719,-8
20,56,799,-8
20,56,879,-8
20,56,959,-8
20,57,39,-8
20,57,119,-8
